<application>
  <component name="Trusted.Paths">
    <option name="TRUSTED_PROJECT_PATHS">
      <map>
        <entry key="$USER_HOME$/Desktop/C++Test" value="true" />
        <entry key="$USER_HOME$/Desktop/CUDA-Test" value="true" />
        <entry key="$USER_HOME$/Desktop/CUDA/NVIDIA-OptiX-SDK-9.0.0-linux64-x86_64/SDK" value="true" />
        <entry key="$USER_HOME$/Desktop/CUDA/OptixTest" value="true" />
        <entry key="$USER_HOME$/Desktop/OptixTest" value="true" />
        <entry key="$USER_HOME$/Desktop/RayTracerTest" value="true" />
        <entry key="$USER_HOME$/Desktop/RendererBuild" value="true" />
        <entry key="$USER_HOME$/Desktop/RendererCuda" value="true" />
        <entry key="$USER_HOME$/Desktop/RendererInteractive" value="true" />
        <entry key="$USER_HOME$/Desktop/RendererParallel" value="true" />
        <entry key="$USER_HOME$/Desktop/RendererTest" value="true" />
        <entry key="$USER_HOME$/Desktop/Simulation/RendererParallel" value="true" />
        <entry key="$USER_HOME$/Desktop/VTK-Test" value="true" />
        <entry key="$USER_HOME$/Downloads/RendererTest" value="true" />
        <entry key="$USER_HOME$/Public/NVIDIA-OptiX-SDK-9.0.0-linux64-x86_64/SDK" value="true" />
        <entry key="C:\Code\ArduinoTest" value="true" />
        <entry key="C:\Code\C++" value="true" />
        <entry key="C:\Code\C++Test" value="true" />
        <entry key="C:\Users\31696\Desktop\cuda_demo-main" value="true" />
        <entry key="C:\Users\Lenovo\Downloads\Compressed\CUDAClionStarterProject-master" value="true" />
        <entry key="D:\C-Test" value="true" />
        <entry key="D:\Code\C++Test" value="true" />
        <entry key="D:\Code\C-Test" value="true" />
        <entry key="D:\Code\Web" value="true" />
        <entry key="E:\Code\C-Test" value="true" />
        <entry key="E:\Code\CUDA-Test" value="true" />
        <entry key="F:\Code\C++Test" value="true" />
        <entry key="F:\Code\C-Test" value="true" />
        <entry key="F:\Code\CUDA-Test" value="true" />
        <entry key="F:\Code\CudaTest" value="true" />
        <entry key="F:\Code\Simulation\OptixTest" value="true" />
        <entry key="F:\Code\Simulation\RendererBuild" value="true" />
        <entry key="F:\Code\Simulation\RendererParallel" value="true" />
        <entry key="F:\Code\Simulation\RendererTest" value="true" />
      </map>
    </option>
  </component>
  <component name="Trusted.Paths.Settings">
    <option name="TRUSTED_PATHS">
      <list>
        <option value="C:\Code" />
        <option value="$USER_HOME$/Desktop" />
        <option value="$USER_HOME$/Downloads" />
      </list>
    </option>
  </component>
</application>